<?xml version="1.0" encoding="utf-8" standalone="yes"?>
<rss version="2.0" xmlns:atom="http://www.w3.org/2005/Atom" xmlns:content="http://purl.org/rss/1.0/modules/content/">
  <channel>
    <title>Frcategories on PaperModL2</title>
    <link>http://localhost:1313/fr/frcategories/</link>
    <description>Recent content in Frcategories on PaperModL2</description>
    <image>
      <title>PaperModL2</title>
      <url>http://localhost:1313/images/papermod-cover.png</url>
      <link>http://localhost:1313/images/papermod-cover.png</link>
    </image>
    <generator>Hugo -- 0.147.4</generator>
    <language>fr</language>
    <copyright>PaperMod Contributors</copyright>
    <lastBuildDate>Mon, 11 Mar 2019 00:00:00 +0000</lastBuildDate>
    <atom:link href="http://localhost:1313/fr/frcategories/index.xml" rel="self" type="application/rss+xml" />
    <item>
      <title>FRcategories/Syntax</title>
      <link>http://localhost:1313/fr/frcategories/syntax/</link>
      <pubDate>Mon, 11 Mar 2019 00:00:00 +0000</pubDate>
      <guid>http://localhost:1313/fr/frcategories/syntax/</guid>
      <description></description>
    </item>
    <item>
      <title>FRcategories/Themes</title>
      <link>http://localhost:1313/fr/frcategories/themes/</link>
      <pubDate>Mon, 11 Mar 2019 00:00:00 +0000</pubDate>
      <guid>http://localhost:1313/fr/frcategories/themes/</guid>
      <description></description>
    </item>
  </channel>
</rss>
