<?xml version="1.0" encoding="utf-8" standalone="yes"?>
<rss version="2.0" xmlns:atom="http://www.w3.org/2005/Atom" xmlns:content="http://purl.org/rss/1.0/modules/content/">
  <channel>
    <title>Tags on PaperMod</title>
    <link>http://localhost:1313/tags/</link>
    <description>Recent content in Tags on PaperMod</description>
    <image>
      <title>PaperMod</title>
      <url>http://localhost:1313/images/papermod-cover.png</url>
      <link>http://localhost:1313/images/papermod-cover.png</link>
    </image>
    <generator>Hugo -- 0.147.4</generator>
    <language>en</language>
    <copyright>PaperMod Contributors</copyright>
    <lastBuildDate>Mon, 11 Mar 2019 00:00:00 +0000</lastBuildDate>
    <atom:link href="http://localhost:1313/tags/index.xml" rel="self" type="application/rss+xml" />
    <item>
      <title>Css</title>
      <link>http://localhost:1313/tags/css/</link>
      <pubDate>Mon, 11 Mar 2019 00:00:00 +0000</pubDate>
      <guid>http://localhost:1313/tags/css/</guid>
      <description></description>
    </item>
    <item>
      <title>Html</title>
      <link>http://localhost:1313/tags/html/</link>
      <pubDate>Mon, 11 Mar 2019 00:00:00 +0000</pubDate>
      <guid>http://localhost:1313/tags/html/</guid>
      <description></description>
    </item>
    <item>
      <title>Markdown</title>
      <link>http://localhost:1313/tags/markdown/</link>
      <pubDate>Mon, 11 Mar 2019 00:00:00 +0000</pubDate>
      <guid>http://localhost:1313/tags/markdown/</guid>
      <description></description>
    </item>
    <item>
      <title>Themes</title>
      <link>http://localhost:1313/tags/themes/</link>
      <pubDate>Mon, 11 Mar 2019 00:00:00 +0000</pubDate>
      <guid>http://localhost:1313/tags/themes/</guid>
      <description></description>
    </item>
    <item>
      <title>Code</title>
      <link>http://localhost:1313/tags/code/</link>
      <pubDate>Sun, 10 Mar 2019 00:00:00 +0000</pubDate>
      <guid>http://localhost:1313/tags/code/</guid>
      <description></description>
    </item>
    <item>
      <title>Gist</title>
      <link>http://localhost:1313/tags/gist/</link>
      <pubDate>Sun, 10 Mar 2019 00:00:00 +0000</pubDate>
      <guid>http://localhost:1313/tags/gist/</guid>
      <description></description>
    </item>
    <item>
      <title>Privacy</title>
      <link>http://localhost:1313/tags/privacy/</link>
      <pubDate>Sun, 10 Mar 2019 00:00:00 +0000</pubDate>
      <guid>http://localhost:1313/tags/privacy/</guid>
      <description></description>
    </item>
    <item>
      <title>Shortcodes</title>
      <link>http://localhost:1313/tags/shortcodes/</link>
      <pubDate>Sun, 10 Mar 2019 00:00:00 +0000</pubDate>
      <guid>http://localhost:1313/tags/shortcodes/</guid>
      <description></description>
    </item>
    <item>
      <title>Syntax</title>
      <link>http://localhost:1313/tags/syntax/</link>
      <pubDate>Sun, 10 Mar 2019 00:00:00 +0000</pubDate>
      <guid>http://localhost:1313/tags/syntax/</guid>
      <description></description>
    </item>
    <item>
      <title>Emoji</title>
      <link>http://localhost:1313/tags/emoji/</link>
      <pubDate>Tue, 05 Mar 2019 00:00:00 +0000</pubDate>
      <guid>http://localhost:1313/tags/emoji/</guid>
      <description></description>
    </item>
  </channel>
</rss>
