<?xml version="1.0" encoding="utf-8" standalone="yes"?>
<rss version="2.0" xmlns:atom="http://www.w3.org/2005/Atom" xmlns:content="http://purl.org/rss/1.0/modules/content/">
  <channel>
    <title>Emoji on PaperMod</title>
    <link>http://localhost:1313/tags/emoji/</link>
    <description>Recent content in Emoji on PaperMod</description>
    <image>
      <title>PaperMod</title>
      <url>http://localhost:1313/images/papermod-cover.png</url>
      <link>http://localhost:1313/images/papermod-cover.png</link>
    </image>
    <generator>Hugo -- 0.147.4</generator>
    <language>en</language>
    <copyright>PaperMod Contributors</copyright>
    <lastBuildDate>Tue, 05 Mar 2019 00:00:00 +0000</lastBuildDate>
    <atom:link href="http://localhost:1313/tags/emoji/index.xml" rel="self" type="application/rss+xml" />
    <item>
      <title>Emoji Support</title>
      <link>http://localhost:1313/posts/emoji-support/</link>
      <pubDate>Tue, 05 Mar 2019 00:00:00 +0000</pubDate>
      <guid>http://localhost:1313/posts/emoji-support/</guid>
      <description>Guide to emoji usage in Hugo</description>
    </item>
  </channel>
</rss>
