<?xml version="1.0" encoding="utf-8" standalone="yes"?>
<rss version="2.0" xmlns:atom="http://www.w3.org/2005/Atom" xmlns:content="http://purl.org/rss/1.0/modules/content/">
  <channel>
    <title>Themes on PaperMod</title>
    <link>http://localhost:1313/categories/themes/</link>
    <description>Recent content in Themes on PaperMod</description>
    <image>
      <title>PaperMod</title>
      <url>http://localhost:1313/images/papermod-cover.png</url>
      <link>http://localhost:1313/images/papermod-cover.png</link>
    </image>
    <generator>Hugo -- 0.147.4</generator>
    <language>en</language>
    <copyright>PaperMod Contributors</copyright>
    <lastBuildDate>Mon, 11 Mar 2019 00:00:00 +0000</lastBuildDate>
    <atom:link href="http://localhost:1313/categories/themes/index.xml" rel="self" type="application/rss+xml" />
    <item>
      <title>Markdown Syntax Guide</title>
      <link>http://localhost:1313/posts/markdown-syntax/</link>
      <pubDate>Mon, 11 Mar 2019 00:00:00 +0000</pubDate>
      <guid>http://localhost:1313/posts/markdown-syntax/</guid>
      <description>Sample article showcasing basic Markdown syntax and formatting for HTML elements.</description>
    </item>
    <item>
      <title>Code Syntax Guide</title>
      <link>http://localhost:1313/posts/code_syntax/</link>
      <pubDate>Sun, 10 Mar 2019 00:00:00 +0000</pubDate>
      <guid>http://localhost:1313/posts/code_syntax/</guid>
      <description>Sample article showcasing basic code syntax and formatting for HTML elements.</description>
    </item>
  </channel>
</rss>
