<?xml version="1.0" encoding="utf-8" standalone="yes"?>
<rss version="2.0" xmlns:atom="http://www.w3.org/2005/Atom" xmlns:content="http://purl.org/rss/1.0/modules/content/">
  <channel>
    <title>Series on PaperMod</title>
    <link>http://localhost:1313/series/</link>
    <description>Recent content in Series on PaperMod</description>
    <image>
      <title>PaperMod</title>
      <url>http://localhost:1313/images/papermod-cover.png</url>
      <link>http://localhost:1313/images/papermod-cover.png</link>
    </image>
    <generator>Hugo -- 0.147.4</generator>
    <language>en</language>
    <copyright>PaperMod Contributors</copyright>
    <lastBuildDate>Mon, 11 Mar 2019 00:00:00 +0000</lastBuildDate>
    <atom:link href="http://localhost:1313/series/index.xml" rel="self" type="application/rss+xml" />
    <item>
      <title>Themes Guide</title>
      <link>http://localhost:1313/series/themes-guide/</link>
      <pubDate>Mon, 11 Mar 2019 00:00:00 +0000</pubDate>
      <guid>http://localhost:1313/series/themes-guide/</guid>
      <description></description>
    </item>
  </channel>
</rss>
