[{"content":"Strecke: ca. 35 km\nDauer: 4–5 Stunden\nHighlight: Flussmündung, Naturufer Chaco, einsame Flussinsel\nRoute:\nLambaré → flussabwärts zur Mündung des Río Salado Weiterfahrt etwa 5 km flussabwärts entlang des Chaco-Ufers Querung zur Isla Pombero (Picknick-Stopp möglich) Beobachtung der Uferfauna: Reiher, Capybaras, Kaimane Rückfahrt flussaufwärts nach Lambaré (mit Sonnenuntergang) Tiere:\nReiher, Kormorane, Jabirus Capybaras, Wasserechsen, Schildkröten Selten: Otter, Brüllaffen ","permalink":"http://localhost:1313/touren/tour-1/","summary":"\u003cp\u003e\u003cstrong\u003eStrecke:\u003c/strong\u003e ca. 35 km\u003cbr\u003e\n\u003cstrong\u003eDauer:\u003c/strong\u003e 4–5 Stunden\u003cbr\u003e\n\u003cstrong\u003eHighlight:\u003c/strong\u003e Flussmündung, Naturufer Chaco, einsame Flussinsel\u003c/p\u003e\n\u003cp\u003e\u003cstrong\u003eRoute:\u003c/strong\u003e\u003c/p\u003e\n\u003col\u003e\n\u003cli\u003eLambaré → flussabwärts zur Mündung des Río Salado\u003c/li\u003e\n\u003cli\u003eWeiterfahrt etwa 5 km flussabwärts entlang des Chaco-Ufers\u003c/li\u003e\n\u003cli\u003eQuerung zur Isla Pombero (Picknick-Stopp möglich)\u003c/li\u003e\n\u003cli\u003eBeobachtung der Uferfauna: Reiher, Capybaras, Kaimane\u003c/li\u003e\n\u003cli\u003eRückfahrt flussaufwärts nach Lambaré (mit Sonnenuntergang)\u003c/li\u003e\n\u003c/ol\u003e\n\u003cp\u003e\u003cstrong\u003eTiere:\u003c/strong\u003e\u003c/p\u003e\n\u003cul\u003e\n\u003cli\u003eReiher, Kormorane, Jabirus\u003c/li\u003e\n\u003cli\u003eCapybaras, Wasserechsen, Schildkröten\u003c/li\u003e\n\u003cli\u003eSelten: Otter, Brüllaffen\u003c/li\u003e\n\u003c/ul\u003e","title":"Tour 1 – Extended: Lambaré – Río Salado – Chaco-Naturufer – Isla Pombero (Rundkurs)"},{"content":"Strecke: ca. 32–34 km\nDauer: 4,5–5 Stunden\nHighlight: Flussinsel, Naturreservat, Innenstadt-Blick vom Wasser\nRoute:\nLambaré → flussaufwärts zur Isla San Francisco (Erkundung) Weiterfahrt zur Bahía de Asunción, dann Banco San Miguel Umrundung des Naturreservats (langsamer Bereich) Fotostopp mit Skyline-Panorama von Asunción Rückfahrt auf dem Chaco-Ufer nach Lambaré Tiere:\nStörche, Ibisse, Wildenten, Eisvögel Wasserechsen, Kaimane Brüllaffen (gelegentlich) ","permalink":"http://localhost:1313/touren/tour-2/","summary":"\u003cp\u003e\u003cstrong\u003eStrecke:\u003c/strong\u003e ca. 32–34 km\u003cbr\u003e\n\u003cstrong\u003eDauer:\u003c/strong\u003e 4,5–5 Stunden\u003cbr\u003e\n\u003cstrong\u003eHighlight:\u003c/strong\u003e Flussinsel, Naturreservat, Innenstadt-Blick vom Wasser\u003c/p\u003e\n\u003cp\u003e\u003cstrong\u003eRoute:\u003c/strong\u003e\u003c/p\u003e\n\u003col\u003e\n\u003cli\u003eLambaré → flussaufwärts zur Isla San Francisco (Erkundung)\u003c/li\u003e\n\u003cli\u003eWeiterfahrt zur Bahía de Asunción, dann Banco San Miguel\u003c/li\u003e\n\u003cli\u003eUmrundung des Naturreservats (langsamer Bereich)\u003c/li\u003e\n\u003cli\u003eFotostopp mit Skyline-Panorama von Asunción\u003c/li\u003e\n\u003cli\u003eRückfahrt auf dem Chaco-Ufer nach Lambaré\u003c/li\u003e\n\u003c/ol\u003e\n\u003cp\u003e\u003cstrong\u003eTiere:\u003c/strong\u003e\u003c/p\u003e\n\u003cul\u003e\n\u003cli\u003eStörche, Ibisse, Wildenten, Eisvögel\u003c/li\u003e\n\u003cli\u003eWasserechsen, Kaimane\u003c/li\u003e\n\u003cli\u003eBrüllaffen (gelegentlich)\u003c/li\u003e\n\u003c/ul\u003e","title":"Tour 2 – Extended: Lambaré – Isla San Francisco – Banco San Miguel – Bahía \u0026 Asunción-Panorama"},{"content":"Strecke: ca. 35 km\nDauer: 4,5–5 Stunden\nHighlight: Chaco-Feuchtgebiete, Sumpfvögel, Nebenfluss entdecken\nRoute:\nLambaré → Querung nach Chaco’i Fahrt entlang von Lagunen und Mangroven-Ufern Nordwärts zur Einmündung des Río Confuso Erkundung des Confuso-Nebenflusses Rückfahrt mit Pause auf Sandbank Tiere:\nReiherkolonien, Limikolen, Greifvögel Schildkröten, große Echsen Capybaras an der Confuso-Mündung ","permalink":"http://localhost:1313/touren/tour-3/","summary":"\u003cp\u003e\u003cstrong\u003eStrecke:\u003c/strong\u003e ca. 35 km\u003cbr\u003e\n\u003cstrong\u003eDauer:\u003c/strong\u003e 4,5–5 Stunden\u003cbr\u003e\n\u003cstrong\u003eHighlight:\u003c/strong\u003e Chaco-Feuchtgebiete, Sumpfvögel, Nebenfluss entdecken\u003c/p\u003e\n\u003cp\u003e\u003cstrong\u003eRoute:\u003c/strong\u003e\u003c/p\u003e\n\u003col\u003e\n\u003cli\u003eLambaré → Querung nach Chaco’i\u003c/li\u003e\n\u003cli\u003eFahrt entlang von Lagunen und Mangroven-Ufern\u003c/li\u003e\n\u003cli\u003eNordwärts zur Einmündung des Río Confuso\u003c/li\u003e\n\u003cli\u003eErkundung des Confuso-Nebenflusses\u003c/li\u003e\n\u003cli\u003eRückfahrt mit Pause auf Sandbank\u003c/li\u003e\n\u003c/ol\u003e\n\u003cp\u003e\u003cstrong\u003eTiere:\u003c/strong\u003e\u003c/p\u003e\n\u003cul\u003e\n\u003cli\u003eReiherkolonien, Limikolen, Greifvögel\u003c/li\u003e\n\u003cli\u003eSchildkröten, große Echsen\u003c/li\u003e\n\u003cli\u003eCapybaras an der Confuso-Mündung\u003c/li\u003e\n\u003c/ul\u003e","title":"Tour 3 – Extended: Lambaré – Chaco’i – Feuchtgebiete – Río Confuso (Einmündung)"},{"content":"Startzeit: ca. 5:30 Uhr\nDauer: 2,5–3,5 Stunden\nStrecke: ca. 25–30 km\nHighlight: Sonnenaufgang, Vogelwelt beim Erwachen\nRoute:\nAbfahrt Lambaré in der Morgendämmerung Flussabwärts zur Mündung des Río Salado Langsame Fahrt im Salado (spiegelglattes Wasser) Kaffeepause an Bord Rückfahrt gegen 8:30 Uhr Tiere \u0026amp; Stimmung:\nReiher, Enten, Eisvögel Nebelverhangene Uferlandschaft Magisches Morgenlicht ","permalink":"http://localhost:1313/touren/tour-4/","summary":"\u003cp\u003e\u003cstrong\u003eStartzeit:\u003c/strong\u003e ca. 5:30 Uhr\u003cbr\u003e\n\u003cstrong\u003eDauer:\u003c/strong\u003e 2,5–3,5 Stunden\u003cbr\u003e\n\u003cstrong\u003eStrecke:\u003c/strong\u003e ca. 25–30 km\u003cbr\u003e\n\u003cstrong\u003eHighlight:\u003c/strong\u003e Sonnenaufgang, Vogelwelt beim Erwachen\u003c/p\u003e\n\u003cp\u003e\u003cstrong\u003eRoute:\u003c/strong\u003e\u003c/p\u003e\n\u003col\u003e\n\u003cli\u003eAbfahrt Lambaré in der Morgendämmerung\u003c/li\u003e\n\u003cli\u003eFlussabwärts zur Mündung des Río Salado\u003c/li\u003e\n\u003cli\u003eLangsame Fahrt im Salado (spiegelglattes Wasser)\u003c/li\u003e\n\u003cli\u003eKaffeepause an Bord\u003c/li\u003e\n\u003cli\u003eRückfahrt gegen 8:30 Uhr\u003c/li\u003e\n\u003c/ol\u003e\n\u003cp\u003e\u003cstrong\u003eTiere \u0026amp; Stimmung:\u003c/strong\u003e\u003c/p\u003e\n\u003cul\u003e\n\u003cli\u003eReiher, Enten, Eisvögel\u003c/li\u003e\n\u003cli\u003eNebelverhangene Uferlandschaft\u003c/li\u003e\n\u003cli\u003eMagisches Morgenlicht\u003c/li\u003e\n\u003c/ul\u003e","title":"Tour 4 – Sunrise-Expedition: Lambaré → Río Salado \u0026 Vogelbeobachtung"},{"content":"Startzeit: 16:00–16:30 Uhr\nDauer: 3–4 Stunden\nStrecke: 25–30 km\nHighlight: Goldene Stunde, Skyline-Panorama\nRoute:\nLambaré → Isla San Francisco Rundfahrt um die Insel (Beobachtung) Weiterfahrt zur Bahía de Asunción Wenden in der goldenen Stunde Rückfahrt mit Cocktail an Bord Ideal für:\nFotografen, Paare, kleine Gruppen Entspannte Atmosphäre ","permalink":"http://localhost:1313/touren/tour-5/","summary":"\u003cp\u003e\u003cstrong\u003eStartzeit:\u003c/strong\u003e 16:00–16:30 Uhr\u003cbr\u003e\n\u003cstrong\u003eDauer:\u003c/strong\u003e 3–4 Stunden\u003cbr\u003e\n\u003cstrong\u003eStrecke:\u003c/strong\u003e 25–30 km\u003cbr\u003e\n\u003cstrong\u003eHighlight:\u003c/strong\u003e Goldene Stunde, Skyline-Panorama\u003c/p\u003e\n\u003cp\u003e\u003cstrong\u003eRoute:\u003c/strong\u003e\u003c/p\u003e\n\u003col\u003e\n\u003cli\u003eLambaré → Isla San Francisco\u003c/li\u003e\n\u003cli\u003eRundfahrt um die Insel (Beobachtung)\u003c/li\u003e\n\u003cli\u003eWeiterfahrt zur Bahía de Asunción\u003c/li\u003e\n\u003cli\u003eWenden in der goldenen Stunde\u003c/li\u003e\n\u003cli\u003eRückfahrt mit Cocktail an Bord\u003c/li\u003e\n\u003c/ol\u003e\n\u003cp\u003e\u003cstrong\u003eIdeal für:\u003c/strong\u003e\u003c/p\u003e\n\u003cul\u003e\n\u003cli\u003eFotografen, Paare, kleine Gruppen\u003c/li\u003e\n\u003cli\u003eEntspannte Atmosphäre\u003c/li\u003e\n\u003c/ul\u003e","title":"Tour 5 – Sunset-Rundkurs: Isla San Francisco \u0026 Bahía Asunción"},{"content":"Startzeit: 17:00–18:00 Uhr\nDauer: 2,5–3 Stunden\nStrecke: 15–20 km\nHighlight: Sundowner, Chill-Out auf dem Wasser\nRoute:\nAbfahrt Lambaré → Chaco’i-Ufer Ankern in geschützter Bucht Sundowner mit Musik \u0026amp; Drinks Rückfahrt im Zwielicht Ideal für:\nFeierabend-Groups (2–6 Personen) Leichte Snacks \u0026amp; Cocktails ","permalink":"http://localhost:1313/touren/tour-6/","summary":"\u003cp\u003e\u003cstrong\u003eStartzeit:\u003c/strong\u003e 17:00–18:00 Uhr\u003cbr\u003e\n\u003cstrong\u003eDauer:\u003c/strong\u003e 2,5–3 Stunden\u003cbr\u003e\n\u003cstrong\u003eStrecke:\u003c/strong\u003e 15–20 km\u003cbr\u003e\n\u003cstrong\u003eHighlight:\u003c/strong\u003e Sundowner, Chill-Out auf dem Wasser\u003c/p\u003e\n\u003cp\u003e\u003cstrong\u003eRoute:\u003c/strong\u003e\u003c/p\u003e\n\u003col\u003e\n\u003cli\u003eAbfahrt Lambaré → Chaco’i-Ufer\u003c/li\u003e\n\u003cli\u003eAnkern in geschützter Bucht\u003c/li\u003e\n\u003cli\u003eSundowner mit Musik \u0026amp; Drinks\u003c/li\u003e\n\u003cli\u003eRückfahrt im Zwielicht\u003c/li\u003e\n\u003c/ol\u003e\n\u003cp\u003e\u003cstrong\u003eIdeal für:\u003c/strong\u003e\u003c/p\u003e\n\u003cul\u003e\n\u003cli\u003eFeierabend-Groups (2–6 Personen)\u003c/li\u003e\n\u003cli\u003eLeichte Snacks \u0026amp; Cocktails\u003c/li\u003e\n\u003c/ul\u003e","title":"Tour 6 – Feierabend-Fluss-Lounge: Lambaré → Chaco’i Ufer mit Sundowner"},{"content":"This article offers a sample of basic Markdown syntax that can be used in Hugo content files, also it shows whether basic HTML elements are decorated with CSS in a Hugo theme.\nHeadings The following HTML \u0026lt;h1\u0026gt;—\u0026lt;h6\u0026gt; elements represent six levels of section headings. \u0026lt;h1\u0026gt; is the highest section level while \u0026lt;h6\u0026gt; is the lowest.\nH1 H2 H3 H4 H5 H6 Paragraph Xerum, quo qui aut unt expliquam qui dolut labo. Aque venitatiusda cum, voluptionse latur sitiae dolessi aut parist aut dollo enim qui voluptate ma dolestendit peritin re plis aut quas inctum laceat est volestemque commosa as cus endigna tectur, offic to cor sequas etum rerum idem sintibus eiur? Quianimin porecus evelectur, cum que nis nust voloribus ratem aut omnimi, sitatur? Quiatem. Nam, omnis sum am facea corem alique molestrunt et eos evelece arcillit ut aut eos eos nus, sin conecerem erum fuga. Ri oditatquam, ad quibus unda veliamenimin cusam et facea ipsamus es exerum sitate dolores editium rerore eost, temped molorro ratiae volorro te reribus dolorer sperchicium faceata tiustia prat.\nItatur? Quiatae cullecum rem ent aut odis in re eossequodi nonsequ idebis ne sapicia is sinveli squiatum, core et que aut hariosam ex eat.\nBlockquotes The blockquote element represents content that is quoted from another source, optionally with a citation which must be within a footer or cite element, and optionally with in-line changes such as annotations and abbreviations.\nBlockquote without attribution Tiam, ad mint andaepu dandae nostion secatur sequo quae. Note that you can use Markdown syntax within a blockquote.\nBlockquote with attribution Don\u0026rsquo;t communicate by sharing memory, share memory by communicating.\n— Rob Pike1\nTables Tables aren\u0026rsquo;t part of the core Markdown spec, but Hugo supports them out-of-the-box.\nName Age Bob 27 Alice 23 Inline Markdown within tables Italics Bold Code italics bold code List Types Ordered List First item Second item Third item Unordered List List item Another item And another item Nested Unordered list Fruit Apple Orange Banana Dairy Milk Cheese Nested Ordered list Fruit Apple Orange Banana Dairy Milk Cheese Third item Sub One Sub Two Other Elements — abbr, sub, sup, kbd, mark GIF is a bitmap image format.\nH2O\nXn + Yn = Zn\nPress CTRL+ALT+Delete to end the session.\nMost salamanders are nocturnal, and hunt for insects, worms, and other small creatures.\nThe above quote is excerpted from Rob Pike\u0026rsquo;s talk during Gopherfest, November 18, 2015.\u0026#160;\u0026#x21a9;\u0026#xfe0e;\n","permalink":"http://localhost:1313/posts/markdown-syntax/","summary":"\u003cp\u003eThis article offers a sample of basic Markdown syntax that can be used in Hugo content files, also it shows whether basic HTML elements are decorated with CSS in a Hugo theme.\u003c/p\u003e","title":"Markdown Syntax Guide"},{"content":"Inline Code This is Inline Code\nOnly pre This is pre text\rCode block with backticks \u0026lt;!DOCTYPE html\u0026gt;\r\u0026lt;html lang=\u0026#34;en\u0026#34;\u0026gt;\r\u0026lt;head\u0026gt;\r\u0026lt;meta charset=\u0026#34;utf-8\u0026#34; /\u0026gt;\r\u0026lt;title\u0026gt;Example HTML5 Document\u0026lt;/title\u0026gt;\r\u0026lt;meta\rname=\u0026#34;description\u0026#34;\rcontent=\u0026#34;Sample article showcasing basic Markdown syntax and formatting for HTML elements.\u0026#34;\r/\u0026gt;\r\u0026lt;/head\u0026gt;\r\u0026lt;body\u0026gt;\r\u0026lt;p\u0026gt;Test\u0026lt;/p\u0026gt;\r\u0026lt;/body\u0026gt;\r\u0026lt;/html\u0026gt; Code block with backticks and language specified \u0026lt;!DOCTYPE html\u0026gt; \u0026lt;html lang=\u0026#34;en\u0026#34;\u0026gt; \u0026lt;head\u0026gt; \u0026lt;meta charset=\u0026#34;utf-8\u0026#34; /\u0026gt; \u0026lt;title\u0026gt;Example HTML5 Document\u0026lt;/title\u0026gt; \u0026lt;meta name=\u0026#34;description\u0026#34; content=\u0026#34;Sample article showcasing basic Markdown syntax and formatting for HTML elements.\u0026#34; /\u0026gt; \u0026lt;/head\u0026gt; \u0026lt;body\u0026gt; \u0026lt;p\u0026gt;Test\u0026lt;/p\u0026gt; \u0026lt;/body\u0026gt; \u0026lt;/html\u0026gt; Code block with backticks and language specified with line numbers 1 2 3 4 5 6 7 8 9 10 11 12 13 14 \u0026lt;!DOCTYPE html\u0026gt; \u0026lt;html lang=\u0026#34;en\u0026#34;\u0026gt; \u0026lt;head\u0026gt; \u0026lt;meta charset=\u0026#34;utf-8\u0026#34; /\u0026gt; \u0026lt;title\u0026gt;Example HTML5 Document\u0026lt;/title\u0026gt; \u0026lt;meta name=\u0026#34;description\u0026#34; content=\u0026#34;Sample article showcasing basic Markdown syntax and formatting for HTML elements.\u0026#34; /\u0026gt; \u0026lt;/head\u0026gt; \u0026lt;body\u0026gt; \u0026lt;p\u0026gt;Test\u0026lt;/p\u0026gt; \u0026lt;/body\u0026gt; \u0026lt;/html\u0026gt; Code block with line numbers and highlighted lines PaperMod supports linenos=true or linenos=table 1 2 3 4 5 6 7 8 9 10 11 12 13 14 \u0026lt;!DOCTYPE html\u0026gt; \u0026lt;html lang=\u0026#34;en\u0026#34;\u0026gt; \u0026lt;head\u0026gt; \u0026lt;meta charset=\u0026#34;utf-8\u0026#34; /\u0026gt; \u0026lt;title\u0026gt;Example HTML5 Document\u0026lt;/title\u0026gt; \u0026lt;meta name=\u0026#34;description\u0026#34; content=\u0026#34;Sample article showcasing basic Markdown syntax and formatting for HTML elements.\u0026#34; /\u0026gt; \u0026lt;/head\u0026gt; \u0026lt;body\u0026gt; \u0026lt;p\u0026gt;Test\u0026lt;/p\u0026gt; \u0026lt;/body\u0026gt; \u0026lt;/html\u0026gt; With linenos=inline line might not get highlighted properly. This issue is fixed with 045c084 1\u0026lt;!DOCTYPE html\u0026gt; 2\u0026lt;html lang=\u0026#34;en\u0026#34;\u0026gt; 3 \u0026lt;head\u0026gt; 4 \u0026lt;meta charset=\u0026#34;utf-8\u0026#34; /\u0026gt; 5 \u0026lt;title\u0026gt;Example HTML5 Document\u0026lt;/title\u0026gt; 6 \u0026lt;meta 7 name=\u0026#34;description\u0026#34; 8 content=\u0026#34;Sample article showcasing basic Markdown syntax and formatting for HTML elements.\u0026#34; 9 /\u0026gt; 10 \u0026lt;/head\u0026gt; 11 \u0026lt;body\u0026gt; 12 \u0026lt;p\u0026gt;Test\u0026lt;/p\u0026gt; 13 \u0026lt;/body\u0026gt; 14\u0026lt;/html\u0026gt; Code block indented with four spaces \u0026lt;!doctype html\u0026gt;\r\u0026lt;html lang=\u0026quot;en\u0026quot;\u0026gt;\r\u0026lt;head\u0026gt;\r\u0026lt;meta charset=\u0026quot;utf-8\u0026quot;\u0026gt;\r\u0026lt;title\u0026gt;Example HTML5 Document\u0026lt;/title\u0026gt;\r\u0026lt;/head\u0026gt;\r\u0026lt;body\u0026gt;\r\u0026lt;p\u0026gt;Test\u0026lt;/p\u0026gt;\r\u0026lt;/body\u0026gt;\r\u0026lt;/html\u0026gt;\rCode block with Hugo\u0026rsquo;s internal highlight shortcode \u0026lt;!doctype html\u0026gt; \u0026lt;html lang=\u0026#34;en\u0026#34;\u0026gt; \u0026lt;head\u0026gt; \u0026lt;meta charset=\u0026#34;utf-8\u0026#34;\u0026gt; \u0026lt;title\u0026gt;Example HTML5 Document\u0026lt;/title\u0026gt; \u0026lt;/head\u0026gt; \u0026lt;body\u0026gt; \u0026lt;p\u0026gt;Test\u0026lt;/p\u0026gt; \u0026lt;/body\u0026gt; \u0026lt;/html\u0026gt; Github Gist ","permalink":"http://localhost:1313/posts/code_syntax/","summary":"Sample article showcasing basic code syntax and formatting for HTML elements.","title":"Code Syntax Guide"},{"content":"Hugo ships with several Built-in Shortcodes for rich content, along with a Privacy Config and a set of Simple Shortcodes that enable static and no-JS versions of various social media embeds.\nFigure Shortcode (PaperMod enhanced) Photo by Aditya Telange on Unsplash\nYouTube X (Twitter) Shortcode PaperMod is now the most starred @GoHugoIO theme on #GitHub ! ✨\nHere\u0026#39;s what it offers:\n- Simple, minimal \u0026amp; clean design\n- Light/Dark mode\n- Fuzzy search for content\n- Good page-speed insights\nand much more...\nHuge thanks to all supporters🙏https://t.co/YAEd2cfrrn\n\u0026mdash; Aditya Telange (@adityatelange) November 14, 2023 Vimeo Shortcode ","permalink":"http://localhost:1313/posts/rich-content/","summary":"\u003cp\u003eHugo ships with several \u003ca href=\"https://gohugo.io/content-management/shortcodes/#use-hugos-built-in-shortcodes\"\u003eBuilt-in Shortcodes\u003c/a\u003e for rich content, along with a \u003ca href=\"https://gohugo.io/about/hugo-and-gdpr/\"\u003ePrivacy Config\u003c/a\u003e and a set of Simple Shortcodes that enable static and no-JS versions of various social media embeds.\u003c/p\u003e","title":"Rich Content and Shortcodes"},{"content":"Mathematical notation in a Hugo project can be enabled by using third party JavaScript libraries.\nIn this example we will be using KaTeX\nCreate a partial under /layouts/partials/math.html Within this partial reference the Auto-render Extension or host these scripts locally. Include the partial in your templates (extend_head.html) like so: refer ISSUE #236 {{ if or .Params.math .Site.Params.math }} {{ partial \u0026#34;math.html\u0026#34; . }} {{ end }} To enable KaTex globally set the parameter math to true in a project\u0026rsquo;s configuration To enable KaTex on a per page basis include the parameter math: true in content files Note: Use the online reference of Supported TeX Functions\nExamples Inline math: \\(\\varphi = \\dfrac{1+\\sqrt5}{2}= 1.6180339887…\\)\rBlock math:\n$$ \\varphi = 1+\\frac{1} {1+\\frac{1} {1+\\frac{1} {1+\\cdots} } } $$\n","permalink":"http://localhost:1313/posts/math-typesetting/","summary":"\u003cp\u003eMathematical notation in a Hugo project can be enabled by using third party JavaScript libraries.\u003c/p\u003e","title":"Math Typesetting"},{"content":"Emoji can be enabled in a Hugo project in a number of ways.\nThe emojify function can be called directly in templates or Inline Shortcodes.\nTo enable emoji globally, set enableEmoji to true in your site\u0026rsquo;s configuration and then you can type emoji shorthand codes directly in content files; e.g.\n🙈 :see_no_evil: 🙉 :hear_no_evil: 🙊 :speak_no_evil:\nThe Emoji cheat sheet is a useful reference for emoji shorthand codes.\nN.B. The above steps enable Unicode Standard emoji characters and sequences in Hugo, however the rendering of these glyphs depends on the browser and the platform. To style the emoji you can either use a third party emoji font or a font stack; e.g.\n.emoji { font-family: Apple Color Emoji, Segoe UI Emoji, NotoColorEmoji, Segoe UI Symbol, Android Emoji, EmojiSymbols; } ","permalink":"http://localhost:1313/posts/emoji-support/","summary":"\u003cp\u003eEmoji can be enabled in a Hugo project in a number of ways.\u003c/p\u003e","title":"Emoji Support"}]