<?xml version="1.0" encoding="utf-8" standalone="yes"?>
<rss version="2.0" xmlns:atom="http://www.w3.org/2005/Atom" xmlns:content="http://purl.org/rss/1.0/modules/content/">
  <channel>
    <title>PaperMod</title>
    <link>http://localhost:1313/</link>
    <description>Recent content on PaperMod</description>
    <image>
      <title>PaperMod</title>
      <url>http://localhost:1313/images/papermod-cover.png</url>
      <link>http://localhost:1313/images/papermod-cover.png</link>
    </image>
    <generator>Hugo -- 0.147.4</generator>
    <language>en</language>
    <copyright>PaperMod Contributors</copyright>
    <lastBuildDate>Wed, 25 Jun 2025 00:00:00 +0000</lastBuildDate>
    <atom:link href="http://localhost:1313/index.xml" rel="self" type="application/rss+xml" />
    <item>
      <title>Tour 1 – Extended: Lambaré – Río Salado – Chaco-Naturufer – Isla Pombero (Rundkurs)</title>
      <link>http://localhost:1313/touren/tour-1/</link>
      <pubDate>Wed, 25 Jun 2025 00:00:00 +0000</pubDate>
      <guid>http://localhost:1313/touren/tour-1/</guid>
      <description>&lt;p&gt;&lt;strong&gt;Strecke:&lt;/strong&gt; ca. 35 km&lt;br&gt;
&lt;strong&gt;Dauer:&lt;/strong&gt; 4–5 Stunden&lt;br&gt;
&lt;strong&gt;Highlight:&lt;/strong&gt; Flussmündung, Naturufer Chaco, einsame Flussinsel&lt;/p&gt;
&lt;p&gt;&lt;strong&gt;Route:&lt;/strong&gt;&lt;/p&gt;
&lt;ol&gt;
&lt;li&gt;Lambaré → flussabwärts zur Mündung des Río Salado&lt;/li&gt;
&lt;li&gt;Weiterfahrt etwa 5 km flussabwärts entlang des Chaco-Ufers&lt;/li&gt;
&lt;li&gt;Querung zur Isla Pombero (Picknick-Stopp möglich)&lt;/li&gt;
&lt;li&gt;Beobachtung der Uferfauna: Reiher, Capybaras, Kaimane&lt;/li&gt;
&lt;li&gt;Rückfahrt flussaufwärts nach Lambaré (mit Sonnenuntergang)&lt;/li&gt;
&lt;/ol&gt;
&lt;p&gt;&lt;strong&gt;Tiere:&lt;/strong&gt;&lt;/p&gt;
&lt;ul&gt;
&lt;li&gt;Reiher, Kormorane, Jabirus&lt;/li&gt;
&lt;li&gt;Capybaras, Wasserechsen, Schildkröten&lt;/li&gt;
&lt;li&gt;Selten: Otter, Brüllaffen&lt;/li&gt;
&lt;/ul&gt;</description>
    </item>
    <item>
      <title>Tour 2 – Extended: Lambaré – Isla San Francisco – Banco San Miguel – Bahía &amp; Asunción-Panorama</title>
      <link>http://localhost:1313/touren/tour-2/</link>
      <pubDate>Wed, 25 Jun 2025 00:00:00 +0000</pubDate>
      <guid>http://localhost:1313/touren/tour-2/</guid>
      <description>&lt;p&gt;&lt;strong&gt;Strecke:&lt;/strong&gt; ca. 32–34 km&lt;br&gt;
&lt;strong&gt;Dauer:&lt;/strong&gt; 4,5–5 Stunden&lt;br&gt;
&lt;strong&gt;Highlight:&lt;/strong&gt; Flussinsel, Naturreservat, Innenstadt-Blick vom Wasser&lt;/p&gt;
&lt;p&gt;&lt;strong&gt;Route:&lt;/strong&gt;&lt;/p&gt;
&lt;ol&gt;
&lt;li&gt;Lambaré → flussaufwärts zur Isla San Francisco (Erkundung)&lt;/li&gt;
&lt;li&gt;Weiterfahrt zur Bahía de Asunción, dann Banco San Miguel&lt;/li&gt;
&lt;li&gt;Umrundung des Naturreservats (langsamer Bereich)&lt;/li&gt;
&lt;li&gt;Fotostopp mit Skyline-Panorama von Asunción&lt;/li&gt;
&lt;li&gt;Rückfahrt auf dem Chaco-Ufer nach Lambaré&lt;/li&gt;
&lt;/ol&gt;
&lt;p&gt;&lt;strong&gt;Tiere:&lt;/strong&gt;&lt;/p&gt;
&lt;ul&gt;
&lt;li&gt;Störche, Ibisse, Wildenten, Eisvögel&lt;/li&gt;
&lt;li&gt;Wasserechsen, Kaimane&lt;/li&gt;
&lt;li&gt;Brüllaffen (gelegentlich)&lt;/li&gt;
&lt;/ul&gt;</description>
    </item>
    <item>
      <title>Tour 3 – Extended: Lambaré – Chaco’i – Feuchtgebiete – Río Confuso (Einmündung)</title>
      <link>http://localhost:1313/touren/tour-3/</link>
      <pubDate>Wed, 25 Jun 2025 00:00:00 +0000</pubDate>
      <guid>http://localhost:1313/touren/tour-3/</guid>
      <description>&lt;p&gt;&lt;strong&gt;Strecke:&lt;/strong&gt; ca. 35 km&lt;br&gt;
&lt;strong&gt;Dauer:&lt;/strong&gt; 4,5–5 Stunden&lt;br&gt;
&lt;strong&gt;Highlight:&lt;/strong&gt; Chaco-Feuchtgebiete, Sumpfvögel, Nebenfluss entdecken&lt;/p&gt;
&lt;p&gt;&lt;strong&gt;Route:&lt;/strong&gt;&lt;/p&gt;
&lt;ol&gt;
&lt;li&gt;Lambaré → Querung nach Chaco’i&lt;/li&gt;
&lt;li&gt;Fahrt entlang von Lagunen und Mangroven-Ufern&lt;/li&gt;
&lt;li&gt;Nordwärts zur Einmündung des Río Confuso&lt;/li&gt;
&lt;li&gt;Erkundung des Confuso-Nebenflusses&lt;/li&gt;
&lt;li&gt;Rückfahrt mit Pause auf Sandbank&lt;/li&gt;
&lt;/ol&gt;
&lt;p&gt;&lt;strong&gt;Tiere:&lt;/strong&gt;&lt;/p&gt;
&lt;ul&gt;
&lt;li&gt;Reiherkolonien, Limikolen, Greifvögel&lt;/li&gt;
&lt;li&gt;Schildkröten, große Echsen&lt;/li&gt;
&lt;li&gt;Capybaras an der Confuso-Mündung&lt;/li&gt;
&lt;/ul&gt;</description>
    </item>
    <item>
      <title>Tour 4 – Sunrise-Expedition: Lambaré → Río Salado &amp; Vogelbeobachtung</title>
      <link>http://localhost:1313/touren/tour-4/</link>
      <pubDate>Wed, 25 Jun 2025 00:00:00 +0000</pubDate>
      <guid>http://localhost:1313/touren/tour-4/</guid>
      <description>&lt;p&gt;&lt;strong&gt;Startzeit:&lt;/strong&gt; ca. 5:30 Uhr&lt;br&gt;
&lt;strong&gt;Dauer:&lt;/strong&gt; 2,5–3,5 Stunden&lt;br&gt;
&lt;strong&gt;Strecke:&lt;/strong&gt; ca. 25–30 km&lt;br&gt;
&lt;strong&gt;Highlight:&lt;/strong&gt; Sonnenaufgang, Vogelwelt beim Erwachen&lt;/p&gt;
&lt;p&gt;&lt;strong&gt;Route:&lt;/strong&gt;&lt;/p&gt;
&lt;ol&gt;
&lt;li&gt;Abfahrt Lambaré in der Morgendämmerung&lt;/li&gt;
&lt;li&gt;Flussabwärts zur Mündung des Río Salado&lt;/li&gt;
&lt;li&gt;Langsame Fahrt im Salado (spiegelglattes Wasser)&lt;/li&gt;
&lt;li&gt;Kaffeepause an Bord&lt;/li&gt;
&lt;li&gt;Rückfahrt gegen 8:30 Uhr&lt;/li&gt;
&lt;/ol&gt;
&lt;p&gt;&lt;strong&gt;Tiere &amp;amp; Stimmung:&lt;/strong&gt;&lt;/p&gt;
&lt;ul&gt;
&lt;li&gt;Reiher, Enten, Eisvögel&lt;/li&gt;
&lt;li&gt;Nebelverhangene Uferlandschaft&lt;/li&gt;
&lt;li&gt;Magisches Morgenlicht&lt;/li&gt;
&lt;/ul&gt;</description>
    </item>
    <item>
      <title>Tour 5 – Sunset-Rundkurs: Isla San Francisco &amp; Bahía Asunción</title>
      <link>http://localhost:1313/touren/tour-5/</link>
      <pubDate>Wed, 25 Jun 2025 00:00:00 +0000</pubDate>
      <guid>http://localhost:1313/touren/tour-5/</guid>
      <description>&lt;p&gt;&lt;strong&gt;Startzeit:&lt;/strong&gt; 16:00–16:30 Uhr&lt;br&gt;
&lt;strong&gt;Dauer:&lt;/strong&gt; 3–4 Stunden&lt;br&gt;
&lt;strong&gt;Strecke:&lt;/strong&gt; 25–30 km&lt;br&gt;
&lt;strong&gt;Highlight:&lt;/strong&gt; Goldene Stunde, Skyline-Panorama&lt;/p&gt;
&lt;p&gt;&lt;strong&gt;Route:&lt;/strong&gt;&lt;/p&gt;
&lt;ol&gt;
&lt;li&gt;Lambaré → Isla San Francisco&lt;/li&gt;
&lt;li&gt;Rundfahrt um die Insel (Beobachtung)&lt;/li&gt;
&lt;li&gt;Weiterfahrt zur Bahía de Asunción&lt;/li&gt;
&lt;li&gt;Wenden in der goldenen Stunde&lt;/li&gt;
&lt;li&gt;Rückfahrt mit Cocktail an Bord&lt;/li&gt;
&lt;/ol&gt;
&lt;p&gt;&lt;strong&gt;Ideal für:&lt;/strong&gt;&lt;/p&gt;
&lt;ul&gt;
&lt;li&gt;Fotografen, Paare, kleine Gruppen&lt;/li&gt;
&lt;li&gt;Entspannte Atmosphäre&lt;/li&gt;
&lt;/ul&gt;</description>
    </item>
    <item>
      <title>Tour 6 – Feierabend-Fluss-Lounge: Lambaré → Chaco’i Ufer mit Sundowner</title>
      <link>http://localhost:1313/touren/tour-6/</link>
      <pubDate>Wed, 25 Jun 2025 00:00:00 +0000</pubDate>
      <guid>http://localhost:1313/touren/tour-6/</guid>
      <description>&lt;p&gt;&lt;strong&gt;Startzeit:&lt;/strong&gt; 17:00–18:00 Uhr&lt;br&gt;
&lt;strong&gt;Dauer:&lt;/strong&gt; 2,5–3 Stunden&lt;br&gt;
&lt;strong&gt;Strecke:&lt;/strong&gt; 15–20 km&lt;br&gt;
&lt;strong&gt;Highlight:&lt;/strong&gt; Sundowner, Chill-Out auf dem Wasser&lt;/p&gt;
&lt;p&gt;&lt;strong&gt;Route:&lt;/strong&gt;&lt;/p&gt;
&lt;ol&gt;
&lt;li&gt;Abfahrt Lambaré → Chaco’i-Ufer&lt;/li&gt;
&lt;li&gt;Ankern in geschützter Bucht&lt;/li&gt;
&lt;li&gt;Sundowner mit Musik &amp;amp; Drinks&lt;/li&gt;
&lt;li&gt;Rückfahrt im Zwielicht&lt;/li&gt;
&lt;/ol&gt;
&lt;p&gt;&lt;strong&gt;Ideal für:&lt;/strong&gt;&lt;/p&gt;
&lt;ul&gt;
&lt;li&gt;Feierabend-Groups (2–6 Personen)&lt;/li&gt;
&lt;li&gt;Leichte Snacks &amp;amp; Cocktails&lt;/li&gt;
&lt;/ul&gt;</description>
    </item>
    <item>
      <title>Markdown Syntax Guide</title>
      <link>http://localhost:1313/posts/markdown-syntax/</link>
      <pubDate>Mon, 11 Mar 2019 00:00:00 +0000</pubDate>
      <guid>http://localhost:1313/posts/markdown-syntax/</guid>
      <description>Sample article showcasing basic Markdown syntax and formatting for HTML elements.</description>
    </item>
    <item>
      <title>Code Syntax Guide</title>
      <link>http://localhost:1313/posts/code_syntax/</link>
      <pubDate>Sun, 10 Mar 2019 00:00:00 +0000</pubDate>
      <guid>http://localhost:1313/posts/code_syntax/</guid>
      <description>Sample article showcasing basic code syntax and formatting for HTML elements.</description>
    </item>
    <item>
      <title>Rich Content and Shortcodes</title>
      <link>http://localhost:1313/posts/rich-content/</link>
      <pubDate>Sun, 10 Mar 2019 00:00:00 +0000</pubDate>
      <guid>http://localhost:1313/posts/rich-content/</guid>
      <description>A brief description of Hugo Shortcodes</description>
    </item>
    <item>
      <title>Math Typesetting</title>
      <link>http://localhost:1313/posts/math-typesetting/</link>
      <pubDate>Fri, 08 Mar 2019 00:00:00 +0000</pubDate>
      <guid>http://localhost:1313/posts/math-typesetting/</guid>
      <description>A brief guide to setup KaTeX</description>
    </item>
    <item>
      <title>Emoji Support</title>
      <link>http://localhost:1313/posts/emoji-support/</link>
      <pubDate>Tue, 05 Mar 2019 00:00:00 +0000</pubDate>
      <guid>http://localhost:1313/posts/emoji-support/</guid>
      <description>Guide to emoji usage in Hugo</description>
    </item>
  </channel>
</rss>
